Feature,Mean_Abs_SHAP
credit_score,0.4803374984509321
loan_amount,0.4643417405644996
monthly_income,0.4467007634195982
previous_defaults,0.2769638581759692
application_id,0.23959121146607937
age,0.06705224932446542
